{"cameraMode":{"drawMode":0,"name":"Shaded","section":"Shading Mode"},"sceneLighting":true,"audioPlay":false,"sceneViewState":{"m_AlwaysRefresh":false,"showFog":true,"showSkybox":true,"showFlares":true,"showImageEffects":true,"showParticleSystems":true,"showVisualEffectGraphs":true,"m_FxEnabled":true},"in2DMode":false,"pivot":{"x":0.3316008746623993,"y":1.2427339553833008,"z":1.6914806365966797},"rotation":{"x":0.19179777801036836,"y":0.007851280272006989,"z":-0.001534446026198566,"w":0.9814001321792603},"size":16.54779624938965,"orthographic":false}